time,session,teamID,playerID,rank,lastLap,cpsTotal,cpsChange
0,0,0,1,2,0,0,0
60,0,0,1,2,0,8,8
120,0,0,1,2,0,16,8
180,0,0,1,2,0,24,8
240,0,0,1,2,207,24,7
300,0,0,1,2,207,32,8
360,0,0,1,2,207,40,8
420,0,0,1,2,211,40,8
480,0,0,1,2,211,48,8
540,0,0,1,2,211,56,8
600,0,0,1,2,211,64,8
660,0,0,1,2,212,64,8
720,0,0,1,2,212,72,8
780,0,0,1,2,212,80,8
840,0,0,1,2,204,80,7
900,0,0,1,2,204,88,8
960,0,0,1,2,204,96,8
1020,0,0,1,2,204,104,8
1080,0,0,1,2,212,104,8
1140,0,0,1,2,212,112,8
1200,0,0,1,2,212,120,8
1260,0,0,1,2,204,120,8
1320,0,0,1,2,204,128,8
1380,0,0,1,2,204,136,8
1440,0,0,1,2,204,144,8
1500,0,0,1,2,204,144,8
1560,0,0,1,2,204,152,8
1620,0,0,1,2,204,160,8
1680,0,0,1,2,215,160,7
1740,0,0,1,2,215,168,8
1800,0,0,1,2,215,176,8
1860,0,0,1,2,215,184,8
1920,0,0,1,2,208,184,7
1980,0,0,1,2,208,192,8
2040,0,0,1,2,208,200,8
2100,0,0,1,2,216,200,7
2160,0,0,1,2,216,208,8
2220,0,0,1,2,216,216,8
2280,0,0,1,2,216,224,8
2340,0,0,1,2,213,224,7
2400,0,0,1,2,213,232,8
2460,0,0,1,2,213,240,8
2520,0,0,1,2,213,248,8
2580,0,0,1,2,215,248,8
2640,1,0,3,2,215,248,8
2700,1,0,3,2,215,256,8
2760,1,0,3,2,215,264,8
2820,1,0,3,2,215,272,8
2880,1,0,3,2,208,272,8
2940,1,0,3,2,208,280,8
3000,1,0,3,2,208,288,8
3060,1,0,3,2,210,288,8
3120,1,0,3,2,210,296,8
3180,1,0,3,2,210,304,8
3240,1,0,3,0,210,312,8
3300,1,0,3,0,212,312,8
3360,1,0,3,0,212,320,8
3420,1,0,3,0,212,328,8
3480,1,0,3,0,203,328,7
3540,1,0,3,0,203,336,8
3600,1,0,3,0,203,344,8
3660,1,0,3,0,203,352,8
3720,1,0,3,0,220,352,7
3780,1,0,3,0,220,360,8
3840,1,0,3,0,220,368,8
3900,1,0,3,0,205,368,8
3960,1,0,3,0,205,376,8
4020,1,0,3,0,205,384,8
4080,1,0,3,0,205,392,8
4140,1,0,3,0,210,392,8
4200,1,0,3,0,210,400,8
4260,1,0,3,0,210,408,8
4320,1,0,3,0,210,416,8
4380,1,0,3,0,218,416,7
4440,1,0,3,0,218,424,8
4500,1,0,3,0,218,432,8
4560,1,0,3,0,217,432,8
4620,1,0,3,0,217,440,8
4680,1,0,3,0,217,448,8
4740,1,0,3,0,217,456,8
4800,1,0,3,0,214,456,7
4860,1,0,3,0,214,464,8
4920,1,0,3,0,214,472,8
4980,1,0,3,0,217,472,7
5040,2,0,4,0,217,472,7
5100,2,0,4,0,217,480,8
5160,2,0,4,0,217,488,8
5220,2,0,4,0,217,496,8
5280,2,0,4,0,216,496,8
5340,2,0,4,0,216,504,8
5400,2,0,4,0,216,512,8
5460,2,0,4,0,216,520,8
5520,2,0,4,0,205,520,7
5580,2,0,4,0,205,528,8
5640,2,0,4,0,205,536,8
5700,2,0,4,0,212,536,8
5760,2,0,4,0,212,544,8
5820,2,0,4,0,212,552,8
5880,2,0,4,0,212,560,8
5940,2,0,4,0,205,560,8
6000,2,0,4,0,205,568,8
6060,2,0,4,0,205,576,8
6120,2,0,4,0,202,576,8
6180,2,0,4,0,202,584,8
6240,2,0,4,0,202,592,8
6300,2,0,4,0,205,592,8
6360,2,0,4,0,205,600,8
6420,2,0,4,0,205,608,8
6480,2,0,4,0,205,616,8
6540,2,0,4,0,218,616,7
6600,2,0,4,0,218,624,8
6660,2,0,4,0,218,632,8
6720,2,0,4,0,210,632,8
6780,2,0,4,0,210,640,8
6840,2,0,4,0,210,648,8
6900,3,0,0,0,210,648,8
6960,3,0,0,0,210,656,8
7020,3,0,0,0,210,664,8
7080,3,0,0,0,210,672,8
7140,3,0,0,0,219,672,7
7200,3,0,0,0,219,680,8
7260,3,0,0,0,219,688,8
7320,3,0,0,0,219,696,8
7380,3,0,0,0,208,696,8
7440,3,0,0,0,208,704,8
7500,3,0,0,0,208,712,8
7560,3,0,0,0,210,712,7
7620,3,0,0,0,210,720,8
7680,3,0,0,0,210,728,8
7740,3,0,0,0,210,736,8
7800,3,0,0,0,207,736,9
7860,3,0,0,0,207,745,9
7920,3,0,0,0,207,754,9
7980,3,0,0,0,200,754,8
8040,3,0,0,0,200,762,8
8100,3,0,0,0,200,770,8
8160,3,0,0,0,205,770,8
8220,3,0,0,0,205,778,8
8280,3,0,0,0,205,786,8
8340,3,0,0,0,205,794,8
8400,3,0,0,0,205,794,8
8460,3,0,0,0,205,802,8
8520,3,0,0,0,205,810,8
8580,3,0,0,0,202,810,7
8640,3,0,0,0,202,818,8
8700,3,0,0,0,202,826,8
8760,3,0,0,0,202,834,8
8820,3,0,0,0,211,834,8
8880,3,0,0,0,211,842,8
8940,3,0,0,0,211,850,8
9000,4,0,2,0,211,850,8
9060,4,0,2,0,211,858,8
9120,4,0,2,0,211,866,8
9180,4,0,2,0,211,874,8
9240,4,0,2,0,209,874,7
9300,4,0,2,0,209,882,8
9360,4,0,2,0,209,890,8
9420,4,0,2,0,209,898,8
9480,4,0,2,0,217,898,8
9540,4,0,2,0,217,906,8
9600,4,0,2,0,217,914,8
9660,4,0,2,0,215,914,8
9720,4,0,2,0,215,922,8
9780,4,0,2,0,215,930,8
9840,4,0,2,0,215,938,8
9900,4,0,2,0,202,938,7
9960,4,0,2,0,202,946,8
10020,4,0,2,0,202,954,8
10080,4,0,2,0,213,954,8
10140,4,0,2,0,213,962,8
10200,4,0,2,0,213,970,8
10260,4,0,2,0,213,978,8
10320,4,0,2,0,204,978,8
10380,4,0,2,0,204,986,8
10440,4,0,2,0,204,994,8
10500,4,0,2,0,201,994,7
10560,4,0,2,0,201,1002,8
10620,4,0,2,0,201,1010,8
10680,4,0,2,0,201,1018,8
10740,4,0,2,0,217,1018,8
10800,4,0,2,0,217,1026,8
10860,4,0,2,0,217,1034,8
10920,4,0,2,0,205,1034,7
10980,4,0,2,0,205,1042,8
11040,4,0,2,0,205,1050,8
11100,4,0,2,0,205,1050,8
11160,4,0,2,0,205,1058,8
11220,4,0,2,0,205,1066,8
11280,4,0,2,0,205,1074,8
11340,4,0,2,0,206,1074,8
11400,4,0,2,0,206,1082,8
11460,4,0,2,0,206,1090,8
11520,5,0,2,0,206,1090,8
11580,5,0,2,0,206,1098,8
11640,5,0,2,0,206,1106,8
11700,5,0,2,0,206,1114,8
11760,5,0,2,0,215,1114,7
11820,5,0,2,0,215,1122,8
11880,5,0,2,0,215,1130,8
11940,5,0,2,0,215,1138,8
12000,5,0,2,0,218,1138,7
12060,5,0,2,0,218,1146,8
12120,5,0,2,0,218,1154,8
12180,5,0,2,0,213,1154,8
12240,5,0,2,0,213,1162,8
12300,5,0,2,0,213,1170,8
12360,5,0,2,0,213,1178,8
12420,5,0,2,0,216,1178,7
12480,5,0,2,0,216,1186,8
12540,5,0,2,0,216,1194,8
12600,5,0,2,0,219,1194,7
12660,5,0,2,0,219,1202,8
12720,5,0,2,0,219,1210,8
12780,5,0,2,0,219,1218,8
12840,5,0,2,0,215,1218,7
12900,5,0,2,0,215,1226,8
12960,5,0,2,0,215,1234,8
13020,5,0,2,0,209,1234,8
13080,5,0,2,0,209,1242,8
13140,5,0,2,0,209,1250,8
13200,5,0,2,0,209,1258,8
13260,5,0,2,0,215,1258,8
13320,5,0,2,0,215,1266,8
13380,5,0,2,0,215,1274,8
13440,5,0,2,0,202,1274,8
13500,5,0,2,0,202,1282,8
13560,5,0,2,0,202,1290,8
13620,5,0,2,0,202,1298,8
13680,5,0,2,0,204,1298,7
13740,5,0,2,0,204,1306,8
13800,5,0,2,0,204,1314,8
13860,5,0,2,0,215,1314,8
13920,5,0,2,0,215,1322,8
13980,5,0,2,0,215,1330,8
14040,5,0,2,0,215,1338,8
14100,5,0,2,0,204,1338,8
14160,5,0,2,0,204,1346,8
14220,5,0,2,0,204,1354,8
14280,5,0,2,0,213,1354,8
14340,5,0,2,0,213,1362,8
14400,5,0,2,0,213,1370,8
14460,5,0,2,0,213,1378,8
14520,5,0,2,0,202,1378,7
14580,5,0,2,0,202,1386,8
14640,5,0,2,0,202,1394,8
14700,5,0,2,0,213,1394,8
14760,5,0,2,0,213,1402,8
14820,6,0,1,0,213,1402,8
14880,6,0,1,0,213,1410,8
14940,6,0,1,0,213,1418,8
15000,6,0,1,0,213,1426,8
15060,6,0,1,0,201,1426,7
15120,6,0,1,0,201,1434,8
15180,6,0,1,0,201,1442,8
15240,6,0,1,0,201,1450,8
15300,6,0,1,0,216,1450,8
15360,6,0,1,0,216,1458,8
15420,6,0,1,0,216,1466,8
15480,6,0,1,0,208,1466,8
15540,6,0,1,0,208,1474,8
15600,6,0,1,0,208,1482,8
15660,6,0,1,0,208,1490,8
15720,6,0,1,0,206,1490,7
15780,6,0,1,0,206,1498,8
15840,6,0,1,0,206,1506,8
15900,6,0,1,0,215,1506,8
15960,6,0,1,0,215,1514,8
16020,6,0,1,0,215,1522,8
16080,6,0,1,0,215,1530,8
16140,6,0,1,0,219,1530,8
16200,6,0,1,0,219,1539,9
16260,6,0,1,0,219,1548,9
16320,6,0,1,0,200,1548,8
16380,6,0,1,0,200,1556,8
16440,6,0,1,0,200,1564,8
16500,6,0,1,0,200,1572,8
16560,6,0,1,0,212,1572,8
16620,6,0,1,0,212,1580,8
16680,6,0,1,0,212,1588,8
16740,6,0,1,0,202,1588,8
16800,6,0,1,0,202,1597,9
16860,7,0,0,0,202,1597,9
16920,7,0,0,0,202,1606,9
16980,7,0,0,0,202,1615,9
17040,7,0,0,0,202,1624,9
17100,7,0,0,0,200,1624,8
17160,7,0,0,0,200,1633,9
17220,7,0,0,0,200,1642,9
17280,7,0,0,0,200,1642,8
17340,7,0,0,0,200,1650,8
17400,7,0,0,0,200,1658,8
17460,7,0,0,0,200,1666,8
17520,7,0,0,0,213,1666,7
17580,7,0,0,0,213,1674,8
17640,7,0,0,0,213,1682,8
17700,7,0,0,0,213,1690,8
17760,7,0,0,0,220,1690,7
17820,7,0,0,0,220,1699,9
17880,7,0,0,0,220,1708,9
17940,7,0,0,0,200,1708,8
18000,7,0,0,0,200,1716,8
18060,7,0,0,0,200,1724,8
18120,7,0,0,0,208,1724,7
18180,7,0,0,0,208,1732,8
18240,7,0,0,0,208,1740,8
18300,7,0,0,0,208,1748,8
18360,7,0,0,0,216,1748,8
18420,7,0,0,0,216,1757,9
18480,7,0,0,0,216,1766,9
18540,7,0,0,0,200,1766,8
18600,7,0,0,0,200,1774,8
18660,7,0,0,0,200,1782,8
18720,8,0,1,0,200,1782,8
18780,8,0,1,0,200,1790,8
18840,8,0,1,0,200,1798,8
18900,8,0,1,0,200,1806,8
18960,8,0,1,0,201,1806,8
19020,8,0,1,0,201,1814,8
19080,8,0,1,0,201,1822,8
19140,8,0,1,0,201,1830,8
19200,8,0,1,0,220,1830,7
19260,8,0,1,0,220,1838,8
19320,8,0,1,0,220,1846,8
19380,8,0,1,0,215,1846,7
19440,8,0,1,0,215,1855,9
19500,8,0,1,0,215,1864,9
19560,8,0,1,0,215,1873,9
19620,8,0,1,0,200,1873,8
19680,8,0,1,0,200,1881,8
19740,8,0,1,0,200,1889,8
19800,8,0,1,0,214,1889,8
19860,8,0,1,0,214,1897,8
19920,8,0,1,0,214,1905,8
19980,8,0,1,0,214,1913,8
20040,8,0,1,0,208,1913,8
20100,8,0,1,0,208,1921,8
20160,8,0,1,0,208,1929,8
20220,8,0,1,0,208,1929,8
20280,8,0,1,0,208,1937,8
20340,8,0,1,0,208,1945,8
20400,8,0,1,0,208,1953,8
20460,8,0,1,0,205,1953,8
20520,8,0,1,0,205,1961,8
20580,8,0,1,0,205,1969,8
20640,8,0,1,0,208,1969,7
20700,8,0,1,0,208,1977,8
20760,8,0,1,0,208,1985,8
20820,8,0,1,0,208,1993,8
20880,8,0,1,0,214,1993,7
20940,8,0,1,0,214,2001,8
21000,9,0,2,0,214,2001,8
21060,9,0,2,0,214,2009,8
21120,9,0,2,0,214,2017,8
21180,9,0,2,0,214,2025,8
21240,9,0,2,0,218,2025,7
21300,9,0,2,0,218,2033,8
21360,9,0,2,0,218,2041,8
21420,9,0,2,0,218,2049,8
21480,9,0,2,0,219,2049,7
21540,9,0,2,0,219,2057,8
21600,9,0,2,0,219,2065,8
21660,9,0,2,0,201,2065,8
21720,9,0,2,0,201,2073,8
21780,9,0,2,0,201,2081,8
21840,9,0,2,0,211,2081,8
21900,9,0,2,0,211,2089,8
21960,9,0,2,0,211,2097,8
22020,9,0,2,0,211,2105,8
22080,9,0,2,0,212,2105,8
22140,9,0,2,0,212,2114,9
22200,9,0,2,0,212,2123,9
22260,9,0,2,0,200,2123,8
22320,9,0,2,0,200,2131,8
22380,9,0,2,0,200,2139,8
22440,9,0,2,0,200,2147,8
22500,9,0,2,0,208,2147,7
22560,9,0,2,0,208,2155,8
22620,9,0,2,0,208,2163,8
22680,9,0,2,0,215,2163,7
22740,9,0,2,0,215,2171,8
22800,9,0,2,0,215,2179,8
22860,9,0,2,0,215,2187,8
22920,9,0,2,0,211,2187,8
22980,9,0,2,0,211,2195,8
23040,9,0,2,0,211,2203,8
23100,9,0,2,0,207,2203,8
23160,9,0,2,0,207,2211,8
23220,9,0,2,0,207,2219,8
23280,9,0,2,0,207,2227,8
23340,9,0,2,0,214,2227,7
23400,9,0,2,0,214,2235,8
23460,9,0,2,0,214,2243,8
23520,9,0,2,0,209,2243,7
23580,9,0,2,0,209,2251,8
23640,9,0,2,0,209,2259,8
23700,10,0,0,0,209,2259,8
23760,10,0,0,0,209,2267,8
23820,10,0,0,0,209,2275,8
23880,10,0,0,0,209,2283,8
23940,10,0,0,0,220,2283,7
24000,10,0,0,0,220,2291,8
24060,10,0,0,0,220,2299,8
24120,10,0,0,0,220,2307,8
24180,10,0,0,0,218,2307,8
24240,10,0,0,0,218,2315,8
24300,10,0,0,0,218,2323,8
24360,10,0,0,0,215,2323,8
24420,10,0,0,0,215,2331,8
24480,10,0,0,0,215,2339,8
24540,10,0,0,0,215,2347,8
24600,10,0,0,0,218,2347,8
24660,10,0,0,0,218,2355,8
24720,10,0,0,0,218,2363,8
24780,10,0,0,0,218,2371,8
24840,10,0,0,0,219,2371,8
24900,10,0,0,0,219,2379,8
24960,10,0,0,0,219,2387,8
25020,10,0,0,0,217,2387,7
25080,10,0,0,0,217,2395,8
25140,10,0,0,0,217,2403,8
25200,10,0,0,0,217,2411,8
25260,10,0,0,0,217,2411,8
25320,10,0,0,0,217,2419,8
25380,10,0,0,0,217,2427,8
25440,10,0,0,0,208,2427,8
25500,10,0,0,0,208,2435,8
25560,10,0,0,0,208,2443,8
25620,10,0,0,0,208,2451,8
25680,10,0,0,0,212,2451,8
25740,10,0,0,0,212,2459,8
25800,10,0,0,0,212,2467,8
25860,10,0,0,0,205,2467,8
25920,10,0,0,0,205,2475,8
25980,10,0,0,0,205,2483,8
26040,10,0,0,0,205,2491,8
26100,10,0,0,0,202,2491,8
26160,10,0,0,0,202,2499,8
26220,10,0,0,0,202,2507,8
26280,10,0,0,0,210,2507,7
26340,10,0,0,0,210,2515,8
26400,10,0,0,0,210,2523,8
26460,10,0,0,0,210,2531,8
26520,10,0,0,0,216,2531,8
26580,11,0,4,0,216,2531,8
26640,11,0,4,0,216,2539,8
26700,11,0,4,0,216,2547,8
26760,11,0,4,0,216,2555,8
26820,11,0,4,0,207,2555,8
26880,11,0,4,0,207,2563,8
26940,11,0,4,0,207,2571,8
27000,11,0,4,0,209,2571,8
27060,11,0,4,0,209,2579,8
27120,11,0,4,0,209,2587,8
27180,11,0,4,0,209,2595,8
27240,11,0,4,0,209,2595,8
27300,11,0,4,0,209,2603,8
27360,11,0,4,0,209,2611,8
27420,11,0,4,0,209,2619,8
27480,11,0,4,0,218,2619,8
27540,11,0,4,0,218,2627,8
27600,11,0,4,0,218,2635,8
27660,11,0,4,0,201,2635,8
27720,11,0,4,0,201,2643,8
27780,11,0,4,0,201,2651,8
27840,11,0,4,0,209,2651,8
27900,11,0,4,0,209,2659,8
27960,11,0,4,0,209,2667,8
28020,11,0,4,0,209,2675,8
28080,11,0,4,0,212,2675,7
28140,11,0,4,0,212,2683,8
28200,11,0,4,0,212,2691,8
28260,11,0,4,0,211,2691,8
28320,11,0,4,0,211,2699,8
28380,11,0,4,0,211,2707,8
28440,11,0,4,0,211,2715,8
28500,11,0,4,0,217,2715,7
28560,11,0,4,0,217,2723,8
28620,11,0,4,0,217,2731,8
28680,12,0,4,0,217,2731,8
28740,12,0,4,0,217,2739,8
0,0,1,4,0,0,0,0
60,0,1,4,0,0,8,8
120,0,1,4,0,0,16,8
180,0,1,4,0,0,24,8
240,0,1,4,0,204,24,8
300,0,1,4,0,204,32,8
360,0,1,4,0,204,40,8
420,0,1,4,0,214,40,8
480,0,1,4,0,214,48,8
540,0,1,4,0,214,56,8
600,0,1,4,0,214,64,8
660,0,1,4,0,208,64,8
720,0,1,4,0,208,72,8
780,0,1,4,0,208,80,8
840,0,1,4,0,201,80,8
900,0,1,4,0,201,88,8
960,0,1,4,0,201,96,8
1020,0,1,4,0,201,104,8
1080,0,1,4,0,218,104,8
1140,0,1,4,0,218,112,8
1200,0,1,4,0,218,120,8
1260,0,1,4,0,208,120,8
1320,0,1,4,0,208,128,8
1380,0,1,4,0,208,136,8
1440,0,1,4,0,208,144,8
1500,0,1,4,0,209,144,8
1560,0,1,4,0,209,153,9
1620,0,1,4,0,209,162,9
1680,0,1,4,0,200,162,8
1740,0,1,4,0,200,170,8
1800,0,1,4,0,200,178,8
1860,0,1,4,0,200,186,8
1920,0,1,4,0,215,186,7
1980,0,1,4,0,215,194,8
2040,0,1,4,0,215,202,8
2100,0,1,4,0,216,202,7
2160,0,1,4,0,216,210,8
2220,1,1,3,0,216,210,8
2280,1,1,3,0,216,218,8
2340,1,1,3,0,216,226,8
2400,1,1,3,0,216,234,8
2460,1,1,3,0,214,234,7
2520,1,1,3,0,214,242,8
2580,1,1,3,0,214,250,8
2640,1,1,3,0,214,258,8
2700,1,1,3,0,220,258,8
2760,1,1,3,0,220,267,9
2820,1,1,3,0,220,276,9
2880,1,1,3,0,200,276,7
2940,1,1,3,0,200,284,8
3000,1,1,3,0,200,292,8
3060,1,1,3,0,200,300,8
3120,1,1,3,0,210,300,8
3180,1,1,3,0,210,308,8
3240,1,1,3,0,210,316,8
3300,1,1,3,0,205,316,8
3360,1,1,3,0,205,324,8
3420,1,1,3,0,205,332,8
3480,1,1,3,0,205,340,8
3540,1,1,3,0,213,340,8
3600,1,1,3,0,213,348,8
3660,1,1,3,0,213,356,8
3720,1,1,3,0,220,356,7
3780,1,1,3,0,220,364,8
3840,1,1,3,0,220,372,8
3900,1,1,3,0,220,380,8
3960,1,1,3,0,216,380,7
4020,1,1,3,0,216,388,8
4080,1,1,3,0,216,396,8
4140,1,1,3,0,218,396,7
4200,1,1,3,0,218,404,8
4260,1,1,3,0,218,412,8
4320,1,1,3,0,218,420,8
4380,1,1,3,0,203,420,8
4440,1,1,3,0,203,428,8
4500,1,1,3,0,203,436,8
4560,1,1,3,0,202,436,7
4620,1,1,3,0,202,444,8
4680,1,1,3,0,202,452,8
4740,1,1,3,0,202,460,8
4800,1,1,3,0,207,460,8
4860,2,1,4,0,207,460,8
4920,2,1,4,0,207,468,8
4980,2,1,4,0,207,476,8
5040,2,1,4,0,207,484,8
5100,2,1,4,0,219,484,8
5160,2,1,4,0,219,492,8
5220,2,1,4,0,219,500,8
5280,2,1,4,0,219,508,8
5340,2,1,4,0,210,508,8
5400,2,1,4,0,210,516,8
5460,2,1,4,0,210,524,8
5520,2,1,4,0,206,524,8
5580,2,1,4,0,206,532,8
5640,2,1,4,0,206,540,8
5700,2,1,4,0,206,548,8
5760,2,1,4,0,213,548,8
5820,2,1,4,0,213,556,8
5880,2,1,4,0,213,564,8
5940,2,1,4,0,207,564,8
6000,2,1,4,0,207,572,8
6060,2,1,4,0,207,580,8
6120,2,1,4,0,207,588,8
6180,2,1,4,0,218,588,7
6240,2,1,4,0,218,596,8
6300,2,1,4,0,218,604,8
6360,2,1,4,0,208,604,7
6420,2,1,4,0,208,613,9
6480,2,1,4,0,208,622,9
6540,2,1,4,0,208,631,9
6600,2,1,4,0,200,631,8
6660,2,1,4,0,200,639,8
6720,3,1,4,0,200,639,8
6780,3,1,4,0,200,647,8
6840,3,1,4,0,200,655,8
6900,3,1,4,0,200,663,8
6960,3,1,4,0,208,663,8
7020,3,1,4,0,208,671,8
7080,3,1,4,0,208,679,8
7140,3,1,4,0,208,687,8
7200,3,1,4,0,215,687,7
7260,3,1,4,0,215,695,8
7320,3,1,4,0,215,703,8
7380,3,1,4,0,212,703,8
7440,3,1,4,0,212,711,8
7500,3,1,4,0,212,719,8
7560,3,1,4,0,212,727,8
7620,3,1,4,0,208,727,8
7680,3,1,4,0,208,735,8
7740,3,1,4,0,208,743,8
7800,3,1,4,0,201,743,8
7860,3,1,4,0,201,751,8
7920,3,1,4,0,201,759,8
7980,3,1,4,0,204,759,8
8040,3,1,4,0,204,767,8
8100,3,1,4,0,204,775,8
8160,3,1,4,0,204,783,8
8220,3,1,4,0,209,783,7
8280,3,1,4,0,209,791,8
8340,3,1,4,0,209,799,8
8400,3,1,4,0,213,799,8
8460,3,1,4,0,213,807,8
8520,3,1,4,0,213,815,8
8580,3,1,4,0,213,823,8
8640,3,1,4,0,210,823,8
8700,3,1,4,0,210,831,8
8760,3,1,4,0,210,839,8
8820,3,1,4,0,210,847,8
8880,3,1,4,0,218,847,8
8940,3,1,4,0,218,855,8
9000,3,1,4,0,218,863,8
9060,3,1,4,0,210,863,8
9120,3,1,4,0,210,871,8
9180,3,1,4,0,210,879,8
9240,4,1,3,0,210,879,8
9300,4,1,3,0,210,887,8
9360,4,1,3,0,210,895,8
9420,4,1,3,0,210,903,8
9480,4,1,3,0,213,903,7
9540,4,1,3,0,213,911,8
9600,4,1,3,0,213,919,8
9660,4,1,3,0,203,919,8
9720,4,1,3,0,203,927,8
9780,4,1,3,0,203,935,8
9840,4,1,3,0,203,943,8
9900,4,1,3,0,203,943,8
9960,4,1,3,0,203,951,8
10020,4,1,3,0,203,959,8
10080,4,1,3,0,219,959,8
10140,4,1,3,0,219,967,8
10200,4,1,3,0,219,975,8
10260,4,1,3,0,219,983,8
10320,4,1,3,0,201,983,8
10380,4,1,3,0,201,991,8
10440,4,1,3,0,201,999,8
10500,4,1,3,0,211,999,8
10560,4,1,3,0,211,1007,8
10620,4,1,3,0,211,1015,8
10680,4,1,3,0,211,1023,8
10740,4,1,3,0,218,1023,8
10800,4,1,3,0,218,1031,8
10860,4,1,3,0,218,1039,8
10920,4,1,3,0,202,1039,8
10980,4,1,3,0,202,1047,8
11040,4,1,3,0,202,1055,8
11100,4,1,3,0,202,1063,8
11160,4,1,3,0,216,1063,7
11220,4,1,3,0,216,1071,8
11280,4,1,3,0,216,1079,8
11340,5,1,1,0,216,1079,8
11400,5,1,1,0,216,1087,8
11460,5,1,1,0,216,1095,8
11520,5,1,1,0,216,1103,8
11580,5,1,1,0,205,1103,7
11640,5,1,1,0,205,1111,8
11700,5,1,1,0,205,1119,8
11760,5,1,1,0,215,1119,7
11820,5,1,1,0,215,1127,8
11880,5,1,1,0,215,1135,8
11940,5,1,1,0,215,1143,8
12000,5,1,1,0,207,1143,8
12060,5,1,1,0,207,1151,8
12120,5,1,1,0,207,1159,8
12180,5,1,1,0,203,1159,8
12240,5,1,1,0,203,1167,8
12300,5,1,1,0,203,1175,8
12360,5,1,1,0,203,1183,8
12420,5,1,1,0,212,1183,8
12480,5,1,1,0,212,1192,9
12540,5,1,1,0,212,1201,9
12600,5,1,1,0,200,1201,8
12660,5,1,1,0,200,1209,8
12720,5,1,1,0,200,1217,8
12780,5,1,1,0,200,1225,8
12840,5,1,1,0,217,1225,7
12900,5,1,1,0,217,1233,8
12960,5,1,1,0,217,1241,8
13020,5,1,1,0,202,1241,8
13080,5,1,1,0,202,1249,8
13140,5,1,1,0,202,1257,8
13200,5,1,1,0,203,1257,8
13260,5,1,1,0,203,1265,8
13320,5,1,1,0,203,1273,8
13380,5,1,1,0,203,1281,8
13440,5,1,1,0,202,1281,8
13500,5,1,1,0,202,1289,8
13560,5,1,1,0,202,1297,8
13620,5,1,1,0,205,1297,7
13680,5,1,1,0,205,1305,8
13740,5,1,1,0,205,1313,8
13800,5,1,1,0,205,1321,8
13860,5,1,1,0,212,1321,8
13920,5,1,1,0,212,1329,8
13980,5,1,1,0,212,1337,8
14040,5,1,1,0,202,1337,7
14100,5,1,1,0,202,1345,8
14160,5,1,1,0,202,1353,8
14220,5,1,1,0,202,1361,8
14280,5,1,1,0,217,1361,8
14340,5,1,1,0,217,1369,8
14400,5,1,1,0,217,1377,8
14460,5,1,1,0,206,1377,8
14520,5,1,1,0,206,1385,8
14580,6,1,3,0,206,1385,8
14640,6,1,3,0,206,1393,8
14700,6,1,3,0,206,1401,8
14760,6,1,3,0,206,1409,8
14820,6,1,3,0,213,1409,7
14880,6,1,3,0,213,1417,8
14940,6,1,3,0,213,1425,8
15000,6,1,3,0,201,1425,8
15060,6,1,3,0,201,1433,8
15120,6,1,3,0,201,1441,8
15180,6,1,3,0,201,1449,8
15240,6,1,3,0,207,1449,8
15300,6,1,3,0,207,1457,8
15360,6,1,3,0,207,1465,8
15420,6,1,3,0,204,1465,7
15480,6,1,3,0,204,1473,8
15540,6,1,3,0,204,1481,8
15600,6,1,3,0,204,1489,8
15660,6,1,3,0,219,1489,7
15720,6,1,3,0,219,1497,8
15780,6,1,3,0,219,1505,8
15840,6,1,3,0,206,1505,8
15900,6,1,3,0,206,1513,8
15960,6,1,3,0,206,1521,8
16020,6,1,3,0,206,1529,8
16080,6,1,3,0,201,1529,7
16140,6,1,3,0,201,1537,8
16200,6,1,3,0,201,1545,8
16260,6,1,3,0,218,1545,8
16320,6,1,3,0,218,1553,8
16380,6,1,3,0,218,1561,8
16440,6,1,3,0,218,1569,8
16500,6,1,3,0,208,1569,7
16560,6,1,3,0,208,1577,8
16620,6,1,3,0,208,1585,8
16680,6,1,3,0,212,1585,8
16740,6,1,3,0,212,1593,8
16800,6,1,3,0,212,1601,8
16860,6,1,3,0,212,1609,8
16920,6,1,3,0,206,1609,8
16980,6,1,3,0,206,1617,8
17040,6,1,3,0,206,1625,8
17100,6,1,3,0,208,1625,8
17160,7,1,4,0,208,1625,8
17220,7,1,4,0,208,1633,8
17280,7,1,4,0,208,1641,8
17340,7,1,4,0,208,1649,8
17400,7,1,4,0,213,1649,7
17460,7,1,4,0,213,1657,8
17520,7,1,4,0,213,1665,8
17580,7,1,4,0,213,1673,8
17640,7,1,4,0,217,1673,7
17700,7,1,4,0,217,1681,8
17760,7,1,4,0,217,1689,8
17820,7,1,4,0,212,1689,8
17880,7,1,4,0,212,1697,8
17940,7,1,4,0,212,1705,8
18000,7,1,4,0,212,1713,8
18060,7,1,4,0,220,1713,8
18120,7,1,4,0,220,1721,8
18180,7,1,4,0,220,1729,8
18240,7,1,4,0,215,1729,8
18300,7,1,4,0,215,1737,8
18360,7,1,4,0,215,1745,8
18420,7,1,4,0,215,1753,8
18480,7,1,4,0,216,1753,7
18540,7,1,4,0,216,1761,8
18600,7,1,4,0,216,1769,8
18660,7,1,4,0,216,1777,8
18720,7,1,4,0,220,1777,7
18780,7,1,4,0,220,1785,8
18840,7,1,4,0,220,1793,8
18900,7,1,4,0,205,1793,7
18960,7,1,4,0,205,1801,8
19020,7,1,4,0,205,1809,8
19080,7,1,4,0,205,1817,8
19140,7,1,4,0,215,1817,7
19200,7,1,4,0,215,1825,8
19260,7,1,4,0,215,1833,8
19320,7,1,4,0,216,1833,7
19380,7,1,4,0,216,1841,8
19440,7,1,4,0,216,1849,8
19500,7,1,4,0,216,1857,8
19560,7,1,4,0,213,1857,8
19620,7,1,4,0,213,1865,8
19680,7,1,4,0,213,1873,8
19740,8,1,0,0,213,1873,8
19800,8,1,0,0,213,1881,8
19860,8,1,0,0,213,1889,8
19920,8,1,0,0,213,1897,8
19980,8,1,0,0,204,1897,7
20040,8,1,0,0,204,1905,8
20100,8,1,0,0,204,1913,8
20160,8,1,0,0,204,1921,8
20220,8,1,0,0,218,1921,8
20280,8,1,0,0,218,1929,8
20340,8,1,0,0,218,1937,8
20400,8,1,0,0,202,1937,8
20460,8,1,0,0,202,1945,8
20520,8,1,0,0,202,1953,8
20580,8,1,0,0,214,1953,8
20640,8,1,0,0,214,1961,8
20700,8,1,0,0,214,1969,8
20760,8,1,0,0,214,1977,8
20820,8,1,0,0,201,1977,7
20880,8,1,0,0,201,1985,8
20940,8,1,0,0,201,1993,8
21000,8,1,0,0,213,1993,8
21060,8,1,0,0,213,2001,8
21120,8,1,0,0,213,2009,8
21180,8,1,0,0,213,2017,8
21240,8,1,0,0,220,2017,8
21300,8,1,0,0,220,2025,8
21360,8,1,0,0,220,2033,8
21420,8,1,0,0,206,2033,8
21480,8,1,0,0,206,2041,8
21540,8,1,0,0,206,2049,8
21600,8,1,0,0,206,2057,8
21660,8,1,0,0,220,2057,8
21720,8,1,0,0,220,2065,8
21780,8,1,0,0,220,2073,8
21840,8,1,0,0,220,2081,8
21900,8,1,0,0,204,2081,8
21960,8,1,0,0,204,2089,8
22020,8,1,0,0,204,2097,8
22080,8,1,0,0,211,2097,7
22140,8,1,0,0,211,2105,8
22200,8,1,0,0,211,2113,8
22260,8,1,0,0,211,2121,8
22320,8,1,0,0,216,2121,8
22380,8,1,0,0,216,2129,8
22440,9,1,1,0,216,2129,8
22500,9,1,1,0,216,2137,8
22560,9,1,1,0,216,2145,8
22620,9,1,1,0,216,2153,8
22680,9,1,1,0,201,2153,8
22740,9,1,1,0,201,2161,8
22800,9,1,1,0,201,2169,8
22860,9,1,1,0,206,2169,7
22920,9,1,1,0,206,2177,8
22980,9,1,1,0,206,2185,8
23040,9,1,1,0,206,2193,8
23100,9,1,1,0,214,2193,8
23160,9,1,1,0,214,2201,8
23220,9,1,1,0,214,2209,8
23280,9,1,1,0,216,2209,8
23340,9,1,1,0,216,2217,8
23400,9,1,1,0,216,2225,8
23460,9,1,1,0,216,2233,8
23520,9,1,1,0,204,2233,8
23580,9,1,1,0,204,2241,8
23640,9,1,1,0,204,2249,8
23700,9,1,1,0,208,2249,8
23760,9,1,1,0,208,2257,8
23820,9,1,1,0,208,2265,8
23880,9,1,1,0,208,2273,8
23940,9,1,1,0,218,2273,7
24000,9,1,1,0,218,2281,8
24060,9,1,1,0,218,2289,8
24120,9,1,1,0,218,2297,8
24180,9,1,1,0,214,2297,8
24240,9,1,1,0,214,2305,8
24300,9,1,1,0,214,2313,8
24360,9,1,1,0,214,2313,8
24420,9,1,1,0,214,2321,8
24480,9,1,1,0,214,2329,8
24540,10,1,0,0,214,2329,8
24600,10,1,0,0,214,2337,8
24660,10,1,0,0,214,2345,8
24720,10,1,0,0,214,2353,8
24780,10,1,0,0,220,2353,7
24840,10,1,0,0,220,2361,8
24900,10,1,0,0,220,2369,8
24960,10,1,0,0,211,2369,8
25020,10,1,0,0,211,2377,8
25080,10,1,0,0,211,2385,8
25140,10,1,0,0,211,2393,8
25200,10,1,0,0,205,2393,8
25260,10,1,0,0,205,2401,8
25320,10,1,0,0,205,2409,8
25380,10,1,0,0,206,2409,7
25440,10,1,0,0,206,2417,8
25500,10,1,0,0,206,2425,8
25560,10,1,0,0,206,2433,8
25620,10,1,0,0,209,2433,7
25680,10,1,0,0,209,2441,8
25740,10,1,0,0,209,2449,8
25800,10,1,0,0,219,2449,7
25860,10,1,0,0,219,2457,8
25920,10,1,0,0,219,2465,8
25980,10,1,0,0,219,2473,8
26040,10,1,0,0,218,2473,7
26100,10,1,0,0,218,2481,8
26160,10,1,0,0,218,2489,8
26220,10,1,0,0,218,2497,8
26280,10,1,0,0,209,2497,8
26340,10,1,0,0,209,2505,8
26400,10,1,0,0,209,2513,8
26460,10,1,0,0,204,2513,7
26520,10,1,0,0,204,2521,8
26580,10,1,0,0,204,2529,8
26640,10,1,0,0,211,2529,8
26700,10,1,0,0,211,2537,8
26760,10,1,0,0,211,2545,8
26820,10,1,0,0,211,2553,8
26880,10,1,0,0,209,2553,7
26940,10,1,0,0,209,2561,8
27000,10,1,0,0,209,2569,8
27060,10,1,0,0,212,2569,8
27120,10,1,0,0,212,2577,8
27180,10,1,0,0,212,2585,8
27240,10,1,0,0,212,2593,8
27300,10,1,0,0,205,2593,7
27360,10,1,0,0,205,2601,8
27420,10,1,0,0,205,2609,8
27480,10,1,0,0,205,2617,8
27540,10,1,0,0,220,2617,8
27600,10,1,0,0,220,2625,8
27660,10,1,0,0,220,2633,8
27720,10,1,0,0,205,2633,8
27780,10,1,0,0,205,2641,8
27840,10,1,0,0,205,2649,8
27900,10,1,0,0,205,2657,8
27960,10,1,0,0,215,2657,8
28020,11,1,2,0,215,2657,8
28080,11,1,2,0,215,2665,8
28140,11,1,2,0,215,2673,8
28200,11,1,2,0,215,2681,8
28260,11,1,2,0,208,2681,8
28320,11,1,2,0,208,2690,9
28380,11,1,2,0,208,2699,9
28440,11,1,2,0,200,2699,8
28500,11,1,2,0,200,2707,8
28560,11,1,2,0,200,2715,8
28620,11,1,2,0,200,2723,8
28680,11,1,2,0,215,2723,7
28740,11,1,2,0,215,2731,8
0,0,2,3,0,0,0,0
60,0,2,3,0,0,8,8
120,0,2,3,0,0,16,8
180,0,2,3,0,0,24,8
240,0,2,3,0,219,24,7
300,0,2,3,0,219,32,8
360,0,2,3,0,219,40,8
420,0,2,3,0,219,48,8
480,0,2,3,0,211,48,8
540,0,2,3,0,211,57,9
600,0,2,3,0,211,66,9
660,0,2,3,0,200,66,8
720,0,2,3,0,200,75,9
780,0,2,3,0,200,84,9
840,0,2,3,0,200,84,8
900,0,2,3,0,200,92,8
960,0,2,3,0,200,100,8
1020,0,2,3,0,200,108,8
1080,0,2,3,0,214,108,8
1140,0,2,3,0,214,116,8
1200,0,2,3,0,214,124,8
1260,0,2,3,0,203,124,7
1320,0,2,3,0,203,132,8
1380,0,2,3,0,203,140,8
1440,0,2,3,0,203,148,8
1500,0,2,3,0,214,148,7
1560,0,2,3,0,214,156,8
1620,0,2,3,0,214,164,8
1680,0,2,3,0,217,164,8
1740,0,2,3,0,217,172,8
1800,0,2,3,0,217,180,8
1860,0,2,3,0,217,188,8
1920,0,2,3,0,204,188,8
1980,0,2,3,0,204,196,8
2040,1,2,2,0,204,196,8
2100,1,2,2,0,204,204,8
2160,1,2,2,0,204,212,8
2220,1,2,2,0,204,220,8
2280,1,2,2,0,203,220,8
2340,1,2,2,0,203,228,8
2400,1,2,2,0,203,236,8
2460,1,2,2,0,203,244,8
2520,1,2,2,0,218,244,7
2580,1,2,2,0,218,253,9
2640,1,2,2,0,218,262,9
2700,1,2,2,0,200,262,8
2760,1,2,2,0,200,270,8
2820,1,2,2,0,200,278,8
2880,1,2,2,0,200,286,8
2940,1,2,2,0,211,286,7
3000,1,2,2,0,211,294,8
3060,1,2,2,0,211,302,8
3120,1,2,2,0,217,302,7
3180,1,2,2,0,217,310,8
3240,1,2,2,0,217,318,8
3300,1,2,2,0,217,326,8
3360,1,2,2,0,206,326,8
3420,1,2,2,0,206,334,8
3480,1,2,2,0,206,342,8
3540,1,2,2,0,209,342,8
3600,1,2,2,0,209,350,8
3660,1,2,2,0,209,358,8
3720,1,2,2,0,209,366,8
3780,1,2,2,0,210,366,8
3840,1,2,2,0,210,374,8
3900,1,2,2,0,210,382,8
3960,1,2,2,0,202,382,8
4020,1,2,2,0,202,390,8
4080,1,2,2,0,202,398,8
4140,1,2,2,0,202,406,8
4200,1,2,2,0,216,406,7
4260,1,2,2,0,216,414,8
4320,1,2,2,0,216,422,8
4380,1,2,2,0,219,422,8
4440,1,2,2,0,219,430,8
4500,1,2,2,0,219,438,8
4560,1,2,2,0,219,446,8
4620,1,2,2,0,220,446,8
4680,1,2,2,0,220,454,8
4740,1,2,2,0,220,462,8
4800,1,2,2,0,204,462,8
4860,1,2,2,0,204,470,8
4920,2,2,0,0,204,470,8
4980,2,2,0,0,204,478,8
5040,2,2,0,0,204,486,8
5100,2,2,0,0,204,494,8
5160,2,2,0,0,208,494,7
5220,2,2,0,0,208,502,8
5280,2,2,0,0,208,510,8
5340,2,2,0,0,208,518,8
5400,2,2,0,0,220,518,7
5460,2,2,0,0,220,526,8
5520,2,2,0,0,220,534,8
5580,2,2,0,0,204,534,8
5640,2,2,0,0,204,542,8
5700,2,2,0,0,204,550,8
5760,2,2,0,0,204,558,8
5820,2,2,0,0,210,558,8
5880,2,2,0,0,210,566,8
5940,2,2,0,0,210,574,8
6000,2,2,0,0,213,574,7
6060,2,2,0,0,213,582,8
6120,2,2,0,0,213,590,8
6180,2,2,0,0,213,598,8
6240,2,2,0,0,220,598,7
6300,2,2,0,0,220,606,8
6360,2,2,0,0,220,614,8
6420,2,2,0,0,207,614,7
6480,2,2,0,0,207,622,8
6540,2,2,0,0,207,630,8
6600,2,2,0,0,207,638,8
6660,2,2,0,0,212,638,7
6720,2,2,0,0,212,646,8
6780,2,2,0,0,212,654,8
6840,2,2,0,0,209,654,7
6900,2,2,0,0,209,662,8
6960,2,2,0,0,209,670,8
7020,2,2,0,0,209,678,8
7080,2,2,0,0,208,678,8
7140,2,2,0,0,208,686,8
7200,2,2,0,0,208,694,8
7260,2,2,0,0,206,694,8
7320,2,2,0,0,206,702,8
7380,2,2,0,0,206,710,8
7440,2,2,0,0,206,718,8
7500,2,2,0,0,219,718,7
7560,2,2,0,0,219,726,8
7620,2,2,0,0,219,734,8
7680,2,2,0,0,212,734,8
7740,2,2,0,0,212,742,8
7800,3,2,4,0,212,742,8
7860,3,2,4,0,212,750,8
7920,3,2,4,0,212,758,8
7980,3,2,4,0,212,766,8
8040,3,2,4,0,210,766,8
8100,3,2,4,0,210,774,8
8160,3,2,4,0,210,782,8
8220,3,2,4,0,210,790,8
8280,3,2,4,0,215,790,8
8340,3,2,4,0,215,799,9
8400,3,2,4,0,215,808,9
8460,3,2,4,0,200,808,8
8520,3,2,4,0,200,816,8
8580,3,2,4,0,200,824,8
8640,3,2,4,0,213,824,7
8700,3,2,4,0,213,832,8
8760,3,2,4,0,213,840,8
8820,3,2,4,0,213,848,8
8880,3,2,4,0,213,848,8
8940,3,2,4,0,213,856,8
9000,3,2,4,0,213,864,8
9060,3,2,4,0,209,864,8
9120,3,2,4,0,209,872,8
9180,3,2,4,0,209,880,8
9240,3,2,4,0,209,888,8
9300,3,2,4,0,209,888,7
9360,3,2,4,0,209,896,8
9420,3,2,4,0,209,904,8
9480,3,2,4,0,205,904,8
9540,3,2,4,0,205,912,8
9600,3,2,4,0,205,920,8
9660,3,2,4,0,205,928,8
9720,3,2,4,0,205,928,8
9780,3,2,4,0,205,937,9
9840,3,2,4,0,205,946,9
9900,3,2,4,0,200,946,8
9960,3,2,4,0,200,955,9
10020,3,2,4,0,200,964,9
10080,3,2,4,0,200,964,8
10140,3,2,4,0,200,972,8
10200,4,2,2,0,200,972,8
10260,4,2,2,0,200,980,8
10320,4,2,2,0,200,988,8
10380,4,2,2,0,200,996,8
10440,4,2,2,0,219,996,8
10500,4,2,2,0,219,1004,8
10560,4,2,2,0,219,1012,8
10620,4,2,2,0,205,1012,7
10680,4,2,2,0,205,1020,8
10740,4,2,2,0,205,1028,8
10800,4,2,2,0,205,1036,8
10860,4,2,2,0,209,1036,8
10920,4,2,2,0,209,1044,8
10980,4,2,2,0,209,1052,8
11040,4,2,2,0,208,1052,8
11100,4,2,2,0,208,1060,8
11160,4,2,2,0,208,1068,8
11220,4,2,2,0,208,1076,8
11280,4,2,2,0,201,1076,8
11340,4,2,2,0,201,1084,8
11400,4,2,2,0,201,1092,8
11460,4,2,2,0,206,1092,8
11520,4,2,2,0,206,1100,8
11580,4,2,2,0,206,1108,8
11640,4,2,2,0,201,1108,8
11700,4,2,2,0,201,1116,8
11760,4,2,2,0,201,1124,8
11820,4,2,2,0,201,1132,8
11880,4,2,2,0,211,1132,8
11940,4,2,2,0,211,1140,8
12000,4,2,2,0,211,1148,8
12060,4,2,2,0,211,1156,8
12120,4,2,2,0,220,1156,8
12180,4,2,2,0,220,1164,8
12240,4,2,2,0,220,1172,8
12300,4,2,2,0,205,1172,8
12360,4,2,2,0,205,1180,8
12420,4,2,2,0,205,1188,8
12480,4,2,2,0,202,1188,8
12540,4,2,2,0,202,1196,8
12600,4,2,2,0,202,1204,8
12660,4,2,2,0,202,1212,8
12720,4,2,2,0,211,1212,7
12780,4,2,2,0,211,1220,8
12840,4,2,2,0,211,1228,8
12900,4,2,2,0,213,1228,7
12960,4,2,2,0,213,1236,8
13020,4,2,2,0,213,1244,8
13080,4,2,2,0,213,1252,8
13140,4,2,2,0,202,1252,8
13200,4,2,2,0,202,1260,8
13260,4,2,2,0,202,1268,8
13320,5,2,4,0,202,1268,8
13380,5,2,4,0,202,1276,8
13440,5,2,4,0,202,1284,8
13500,5,2,4,0,202,1292,8
13560,5,2,4,0,219,1292,7
13620,5,2,4,0,219,1300,8
13680,5,2,4,0,219,1308,8
13740,5,2,4,0,204,1308,8
13800,5,2,4,0,204,1316,8
13860,5,2,4,0,204,1324,8
13920,5,2,4,0,204,1332,8
13980,5,2,4,0,207,1332,8
14040,5,2,4,0,207,1340,8
14100,5,2,4,0,207,1348,8
14160,5,2,4,0,204,1348,8
14220,5,2,4,0,204,1356,8
14280,5,2,4,0,204,1364,8
14340,5,2,4,0,204,1372,8
14400,5,2,4,0,218,1372,7
14460,5,2,4,0,218,1380,8
14520,5,2,4,0,218,1388,8
14580,5,2,4,0,203,1388,8
14640,5,2,4,0,203,1396,8
14700,5,2,4,0,203,1404,8
14760,5,2,4,0,201,1404,8
14820,5,2,4,0,201,1412,8
14880,5,2,4,0,201,1420,8
14940,5,2,4,0,201,1428,8
15000,5,2,4,0,203,1428,7
15060,5,2,4,0,203,1436,8
15120,5,2,4,0,203,1444,8
15180,5,2,4,0,203,1444,8
15240,5,2,4,0,203,1452,8
15300,5,2,4,0,203,1460,8
15360,5,2,4,0,203,1468,8
15420,5,2,4,0,204,1468,8
15480,5,2,4,0,204,1476,8
15540,5,2,4,0,204,1484,8
15600,5,2,4,0,219,1484,8
15660,5,2,4,0,219,1492,8
15720,5,2,4,0,219,1500,8
15780,5,2,4,0,219,1508,8
15840,5,2,4,0,202,1508,8
15900,5,2,4,0,202,1516,8
15960,5,2,4,0,202,1524,8
16020,5,2,4,0,210,1524,8
16080,5,2,4,0,210,1532,8
16140,5,2,4,0,210,1540,8
16200,5,2,4,0,201,1540,8
16260,5,2,4,0,201,1548,8
16320,5,2,4,0,201,1556,8
16380,5,2,4,0,201,1564,8
16440,5,2,4,0,207,1564,7
16500,5,2,4,0,207,1572,8
16560,5,2,4,0,207,1580,8
16620,5,2,4,0,212,1580,8
16680,5,2,4,0,212,1588,8
16740,5,2,4,0,212,1596,8
16800,5,2,4,0,212,1604,8
16860,5,2,4,0,201,1604,7
16920,6,2,1,0,201,1604,7
16980,6,2,1,0,201,1612,8
17040,6,2,1,0,201,1620,8
17100,6,2,1,0,201,1628,8
17160,6,2,1,0,208,1628,8
17220,6,2,1,0,208,1636,8
17280,6,2,1,0,208,1644,8
17340,6,2,1,0,208,1652,8
17400,6,2,1,0,210,1652,8
17460,6,2,1,0,210,1660,8
17520,6,2,1,0,210,1668,8
17580,6,2,1,0,201,1668,8
17640,6,2,1,0,201,1676,8
17700,6,2,1,0,201,1684,8
17760,6,2,1,0,205,1684,7
17820,6,2,1,0,205,1692,8
17880,6,2,1,0,205,1700,8
17940,6,2,1,0,205,1708,8
18000,6,2,1,0,211,1708,7
18060,6,2,1,0,211,1716,8
18120,6,2,1,0,211,1724,8
18180,6,2,1,0,211,1732,8
18240,6,2,1,0,218,1732,8
18300,6,2,1,0,218,1740,8
18360,6,2,1,0,218,1748,8
18420,6,2,1,0,207,1748,8
18480,6,2,1,0,207,1756,8
18540,6,2,1,0,207,1764,8
18600,6,2,1,0,207,1772,8
18660,6,2,1,0,219,1772,8
18720,6,2,1,0,219,1780,8
18780,6,2,1,0,219,1788,8
18840,6,2,1,0,218,1788,8
18900,6,2,1,0,218,1796,8
18960,6,2,1,0,218,1804,8
19020,6,2,1,0,218,1812,8
19080,6,2,1,0,210,1812,8
19140,6,2,1,0,210,1820,8
19200,6,2,1,0,210,1828,8
19260,6,2,1,0,214,1828,8
19320,6,2,1,0,214,1836,8
19380,6,2,1,0,214,1844,8
19440,6,2,1,0,214,1852,8
19500,6,2,1,0,212,1852,8
19560,6,2,1,0,212,1860,8
19620,6,2,1,0,212,1868,8
19680,6,2,1,0,212,1876,8
19740,6,2,1,0,220,1876,8
19800,6,2,1,0,220,1884,8
19860,6,2,1,0,220,1892,8
19920,6,2,1,0,208,1892,8
19980,6,2,1,0,208,1900,8
20040,7,2,4,0,208,1900,8
20100,7,2,4,0,208,1908,8
20160,7,2,4,0,208,1916,8
20220,7,2,4,0,208,1924,8
20280,7,2,4,0,201,1924,8
20340,7,2,4,0,201,1932,8
20400,7,2,4,0,201,1940,8
20460,7,2,4,0,201,1948,8
20520,7,2,4,0,205,1948,8
20580,7,2,4,0,205,1956,8
20640,7,2,4,0,205,1964,8
20700,7,2,4,0,213,1964,7
20760,7,2,4,0,213,1972,8
20820,7,2,4,0,213,1980,8
20880,7,2,4,0,213,1988,8
20940,7,2,4,0,208,1988,8
21000,7,2,4,0,208,1997,9
21060,7,2,4,0,208,2006,9
21120,7,2,4,0,200,2006,8
21180,7,2,4,0,200,2014,8
21240,7,2,4,0,200,2022,8
21300,7,2,4,0,214,2022,7
21360,7,2,4,0,214,2030,8
21420,7,2,4,0,214,2038,8
21480,7,2,4,0,214,2046,8
21540,7,2,4,0,201,2046,7
21600,7,2,4,0,201,2054,8
21660,7,2,4,0,201,2062,8
21720,7,2,4,0,218,2062,7
21780,7,2,4,0,218,2070,8
21840,7,2,4,0,218,2078,8
21900,7,2,4,0,218,2086,8
21960,7,2,4,0,206,2086,8
22020,7,2,4,0,206,2094,8
22080,7,2,4,0,206,2102,8
22140,7,2,4,0,210,2102,8
22200,7,2,4,0,210,2110,8
22260,7,2,4,0,210,2118,8
22320,7,2,4,0,210,2126,8
22380,7,2,4,0,216,2126,7
22440,7,2,4,0,216,2134,8
22500,7,2,4,0,216,2142,8
22560,7,2,4,0,216,2150,8
22620,7,2,4,0,217,2150,8
22680,7,2,4,0,217,2158,8
22740,8,2,2,0,217,2158,8
22800,8,2,2,0,217,2166,8
22860,8,2,2,0,217,2174,8
22920,8,2,2,0,217,2182,8
22980,8,2,2,0,205,2182,8
23040,8,2,2,0,205,2190,8
23100,8,2,2,0,205,2198,8
23160,8,2,2,0,205,2206,8
23220,8,2,2,0,219,2206,8
23280,8,2,2,0,219,2214,8
23340,8,2,2,0,219,2222,8
23400,8,2,2,0,204,2222,8
23460,8,2,2,0,204,2230,8
23520,8,2,2,0,204,2238,8
23580,8,2,2,0,204,2246,8
23640,8,2,2,0,206,2246,8
23700,8,2,2,0,206,2254,8
23760,8,2,2,0,206,2262,8
23820,8,2,2,0,204,2262,8
23880,8,2,2,0,204,2270,8
23940,8,2,2,0,204,2278,8
24000,8,2,2,0,208,2278,8
24060,8,2,2,0,208,2286,8
24120,8,2,2,0,208,2294,8
24180,8,2,2,0,208,2302,8
24240,8,2,2,0,201,2302,7
24300,8,2,2,0,201,2310,8
24360,8,2,2,0,201,2318,8
24420,8,2,2,0,213,2318,8
24480,8,2,2,0,213,2326,8
24540,8,2,2,0,213,2334,8
24600,8,2,2,0,213,2342,8
24660,8,2,2,0,207,2342,8
24720,8,2,2,0,207,2350,8
24780,8,2,2,0,207,2358,8
24840,8,2,2,0,205,2358,8
24900,8,2,2,0,205,2366,8
24960,8,2,2,0,205,2374,8
25020,8,2,2,0,205,2382,8
25080,8,2,2,0,214,2382,8
25140,8,2,2,0,214,2390,8
25200,8,2,2,0,214,2398,8
25260,9,2,1,0,214,2398,8
25320,9,2,1,0,214,2406,8
25380,9,2,1,0,214,2414,8
25440,9,2,1,0,214,2422,8
25500,9,2,1,0,207,2422,7
25560,9,2,1,0,207,2430,8
25620,9,2,1,0,207,2438,8
25680,9,2,1,0,207,2446,8
25740,9,2,1,0,218,2446,8
25800,9,2,1,0,218,2454,8
25860,9,2,1,0,218,2462,8
25920,9,2,1,0,201,2462,7
25980,9,2,1,0,201,2470,8
26040,9,2,1,0,201,2478,8
26100,9,2,1,0,204,2478,8
26160,9,2,1,0,204,2486,8
26220,9,2,1,0,204,2494,8
26280,9,2,1,0,204,2502,8
26340,9,2,1,0,205,2502,8
26400,9,2,1,0,205,2510,8
26460,9,2,1,0,205,2518,8
26520,9,2,1,0,205,2526,8
26580,9,2,1,0,220,2526,8
26640,9,2,1,0,220,2534,8
26700,9,2,1,0,220,2542,8
26760,9,2,1,0,209,2542,7
26820,9,2,1,0,209,2550,8
26880,9,2,1,0,209,2558,8
26940,9,2,1,0,209,2566,8
27000,9,2,1,0,219,2566,8
27060,9,2,1,0,219,2574,8
27120,9,2,1,0,219,2582,8
27180,9,2,1,0,207,2582,8
27240,9,2,1,0,207,2590,8
27300,9,2,1,0,207,2598,8
27360,9,2,1,0,202,2598,8
27420,9,2,1,0,202,2606,8
27480,9,2,1,0,202,2614,8
27540,9,2,1,0,202,2622,8
27600,9,2,1,0,202,2622,8
27660,9,2,1,0,202,2630,8
27720,9,2,1,0,202,2638,8
27780,9,2,1,0,214,2638,7
27840,9,2,1,0,214,2646,8
27900,9,2,1,0,214,2654,8
27960,9,2,1,0,214,2662,8
28020,9,2,1,0,201,2662,8
28080,9,2,1,0,201,2670,8
28140,10,2,0,0,201,2670,8
28200,10,2,0,0,201,2678,8
28260,10,2,0,0,201,2686,8
28320,10,2,0,0,201,2694,8
28380,10,2,0,0,219,2694,8
28440,10,2,0,0,219,2703,9
28500,10,2,0,0,219,2712,9
28560,10,2,0,0,219,2721,9
28620,10,2,0,0,200,2721,8
28680,10,2,0,0,200,2729,8
28740,10,2,0,0,200,2737,8
